{"v":"5.5.8","fr":29.9700012207031,"ip":0,"op":60.0000024438501,"w":1920,"h":1080,"nm":"Композиция 1","ddd":0,"assets":[],"layers":[{"ddd":0,"ind":1,"ty":4,"nm":"Lines 2","sr":1,"ks":{"o":{"a":0,"k":100,"ix":11},"r":{"a":0,"k":0,"ix":10},"p":{"a":0,"k":[960,540,0],"ix":2},"a":{"a":0,"k":[0,0,0],"ix":1},"s":{"a":0,"k":[100,100,100],"ix":6}},"ao":0,"shapes":[{"ty":"gr","it":[{"ind":0,"ty":"sh","ix":1,"ks":{"a":0,"k":{"i":[[0,0],[0,0],[1,-19],[18.5,-2.5]],"o":[[0,0],[0,0],[-0.929,17.653],[-25.445,3.438]],"v":[[-31.5,-89.5],[6,-89.5],[23,-69],[1,-46]],"c":false},"ix":2},"nm":"Контур 1","mn":"ADBE Vector Shape - Group","hd":false},{"ty":"st","c":{"a":0,"k":[1,1,1,1],"ix":3},"o":{"a":0,"k":100,"ix":4},"w":{"a":0,"k":2,"ix":5},"lc":1,"lj":1,"ml":4,"bm":0,"nm":"Обводка 1","mn":"ADBE Vector Graphic - Stroke","hd":false},{"ty":"tr","p":{"a":0,"k":[0,0],"ix":2},"a":{"a":0,"k":[0,0],"ix":1},"s":{"a":0,"k":[100,100],"ix":3},"r":{"a":0,"k":0,"ix":6},"o":{"a":0,"k":100,"ix":7},"sk":{"a":0,"k":0,"ix":4},"sa":{"a":0,"k":0,"ix":5},"nm":"Преобразовать"}],"nm":"Фигура 3","np":3,"cix":2,"bm":0,"ix":1,"mn":"ADBE Vector Group","hd":false},{"ty":"gr","it":[{"ind":0,"ty":"sh","ix":1,"ks":{"a":0,"k":{"i":[[0,0],[0,0]],"o":[[0,0],[0,0]],"v":[[22.5,24],[-6,-20]],"c":false},"ix":2},"nm":"Контур 1","mn":"ADBE Vector Shape - Group","hd":false},{"ty":"st","c":{"a":0,"k":[1,1,1,1],"ix":3},"o":{"a":0,"k":100,"ix":4},"w":{"a":0,"k":2,"ix":5},"lc":1,"lj":1,"ml":4,"bm":0,"nm":"Обводка 1","mn":"ADBE Vector Graphic - Stroke","hd":false},{"ty":"tr","p":{"a":0,"k":[0,0],"ix":2},"a":{"a":0,"k":[0,0],"ix":1},"s":{"a":0,"k":[100,100],"ix":3},"r":{"a":0,"k":0,"ix":6},"o":{"a":0,"k":100,"ix":7},"sk":{"a":0,"k":0,"ix":4},"sa":{"a":0,"k":0,"ix":5},"nm":"Преобразовать"}],"nm":"Фигура 2","np":3,"cix":2,"bm":0,"ix":2,"mn":"ADBE Vector Group","hd":false},{"ty":"gr","it":[{"ind":0,"ty":"sh","ix":1,"ks":{"a":0,"k":{"i":[[0,0],[0,0],[0,0],[-6.457,-28.29],[0,0],[0,0]],"o":[[0,0],[0,0],[0,0],[10.5,46],[0,0],[0,0]],"v":[[54.5,175],[52.5,32],[115.5,31],[157.25,62.75],[132.25,122.5],[165,172]],"c":false},"ix":2},"nm":"Контур 1","mn":"ADBE Vector Shape - Group","hd":false},{"ty":"st","c":{"a":0,"k":[1,1,1,1],"ix":3},"o":{"a":0,"k":100,"ix":4},"w":{"a":0,"k":2,"ix":5},"lc":1,"lj":1,"ml":4,"bm":0,"nm":"Обводка 1","mn":"ADBE Vector Graphic - Stroke","hd":false},{"ty":"tr","p":{"a":0,"k":[-105.918,-149.15],"ix":2},"a":{"a":0,"k":[0,0],"ix":1},"s":{"a":0,"k":[100,100],"ix":3},"r":{"a":0,"k":0,"ix":6},"o":{"a":0,"k":100,"ix":7},"sk":{"a":0,"k":0,"ix":4},"sa":{"a":0,"k":0,"ix":5},"nm":"Преобразовать"}],"nm":"Фигура 1","np":3,"cix":2,"bm":0,"ix":3,"mn":"ADBE Vector Group","hd":false},{"ty":"tm","s":{"a":1,"k":[{"i":{"x":[0.667],"y":[1]},"o":{"x":[0.167],"y":[0.167]},"t":15,"s":[100]},{"t":40.0000016292334,"s":[0]}],"ix":1},"e":{"a":0,"k":100,"ix":2},"o":{"a":0,"k":0,"ix":3},"m":1,"ix":4,"nm":"Обрезать контуры 1","mn":"ADBE Vector Filter - Trim","hd":false},{"ty":"st","c":{"a":0,"k":[1,1,1,1],"ix":3},"o":{"a":0,"k":100,"ix":4},"w":{"a":1,"k":[{"i":{"x":[0.667],"y":[1]},"o":{"x":[0.333],"y":[0]},"t":15,"s":[4]},{"t":40.0000016292334,"s":[11]}],"ix":5},"lc":2,"lj":2,"bm":0,"nm":"Обводка 1","mn":"ADBE Vector Graphic - Stroke","hd":false}],"ip":0,"op":900.000036657751,"st":0,"bm":0},{"ddd":0,"ind":2,"ty":4,"nm":"Text","sr":1,"ks":{"o":{"a":1,"k":[{"i":{"x":[0.667],"y":[1]},"o":{"x":[0.333],"y":[0]},"t":0,"s":[0]},{"t":15.0000006109625,"s":[100]}],"ix":11},"r":{"a":0,"k":0,"ix":10},"p":{"a":1,"k":[{"i":{"x":0.667,"y":1},"o":{"x":0.333,"y":0},"t":0,"s":[960,582,0],"to":[0,-5,0],"ti":[0,5,0]},{"t":15.0000006109625,"s":[960,552,0]}],"ix":2},"a":{"a":0,"k":[105.5,160,0],"ix":1},"s":{"a":0,"k":[100,100,100],"ix":6}},"ao":0,"shapes":[{"ty":"gr","it":[{"ty":"gr","it":[{"ty":"gr","it":[{"ind":0,"ty":"sh","ix":1,"ks":{"a":0,"k":{"i":[[0,0],[0,0],[0,0],[0,0],[0,0],[0,0],[0,0],[0,0],[0,0],[0,0],[0,0],[0,0]],"o":[[0,0],[0,0],[0,0],[0,0],[0,0],[0,0],[0,0],[0,0],[0,0],[0,0],[0,0],[0,0]],"v":[[7.922,7.628],[7.922,11.572],[-7.922,11.572],[-7.922,-11.572],[7.633,-11.572],[7.633,-7.628],[-3.487,-7.628],[-3.487,-2.054],[6.122,-2.054],[6.122,1.597],[-3.487,1.597],[-3.487,7.628]],"c":true},"ix":2},"nm":"Контур 1","mn":"ADBE Vector Shape - Group","hd":false},{"ty":"tr","p":{"a":0,"k":[203.078,258.113],"ix":2},"a":{"a":0,"k":[0,0],"ix":1},"s":{"a":0,"k":[100,100],"ix":3},"r":{"a":0,"k":0,"ix":6},"o":{"a":0,"k":100,"ix":7},"sk":{"a":0,"k":0,"ix":4},"sa":{"a":0,"k":0,"ix":5},"nm":"Преобразовать"}],"nm":"Группа 1","np":2,"cix":2,"bm":0,"ix":1,"mn":"ADBE Vector Group","hd":false},{"ty":"gr","it":[{"ind":0,"ty":"sh","ix":1,"ks":{"a":0,"k":{"i":[[0,0],[0,0],[0,0],[0,0],[0,0],[0,0]],"o":[[0,0],[0,0],[0,0],[0,0],[0,0],[0,0]],"v":[[-8.035,11.572],[-8.035,-11.572],[-3.6,-11.572],[-3.6,7.628],[8.035,7.628],[8.035,11.572]],"c":true},"ix":2},"nm":"Контур 1","mn":"ADBE Vector Shape - Group","hd":false},{"ty":"tr","p":{"a":0,"k":[184.421,258.113],"ix":2},"a":{"a":0,"k":[0,0],"ix":1},"s":{"a":0,"k":[100,100],"ix":3},"r":{"a":0,"k":0,"ix":6},"o":{"a":0,"k":100,"ix":7},"sk":{"a":0,"k":0,"ix":4},"sa":{"a":0,"k":0,"ix":5},"nm":"Преобразовать"}],"nm":"Группа 2","np":2,"cix":2,"bm":0,"ix":2,"mn":"ADBE Vector Group","hd":false},{"ty":"gr","it":[{"ind":0,"ty":"sh","ix":1,"ks":{"a":0,"k":{"i":[[0,-1.521],[0.385,-0.739],[0.685,-0.5],[0.9,-0.261],[1.007,0],[0,0],[0,0],[0,0],[-0.643,-0.347],[-0.45,-0.565],[-0.235,-0.717],[0,-0.717],[0.557,-1],[1.071,-0.478],[-0.75,-1.022]],"o":[[0,0.978],[-0.386,0.739],[-0.665,0.5],[-0.878,0.261],[0,0],[0,0],[0,0],[0.793,0],[0.642,0.348],[0.45,0.544],[0.257,0.696],[0,1.13],[-0.557,0.978],[1.307,0.391],[0.771,0.999]],"v":[[9.191,5.607],[8.614,8.182],[7.007,10.04],[4.66,11.181],[1.831,11.572],[-9.191,11.572],[-9.191,-11.572],[3.021,-11.572],[5.174,-11.051],[6.814,-9.682],[7.842,-7.791],[8.228,-5.672],[7.392,-2.477],[4.95,-0.293],[8.035,1.826]],"c":true},"ix":2},"nm":"Контур 1","mn":"ADBE Vector Shape - Group","hd":false},{"ind":1,"ty":"sh","ix":2,"ks":{"a":0,"k":{"i":[[0,0.413],[0.15,0.369],[0.236,0.283],[0.321,0.153],[0.386,0],[0,0],[0,0],[0,0],[-0.343,0.152],[-0.257,0.261],[-0.15,0.369]],"o":[[0,-0.412],[-0.129,-0.391],[-0.235,-0.282],[-0.322,-0.173],[0,0],[0,0],[0,0],[0.407,0],[0.364,-0.152],[0.257,-0.283],[0.15,-0.369]],"v":[[4.725,4.759],[4.5,3.586],[3.952,2.575],[3.118,1.923],[2.057,1.663],[-4.756,1.663],[-4.756,7.758],[1.831,7.758],[2.956,7.53],[3.889,6.911],[4.5,5.933]],"c":true},"ix":2},"nm":"Контур 2","mn":"ADBE Vector Shape - Group","hd":false},{"ind":2,"ty":"sh","ix":3,"ks":{"a":0,"k":{"i":[[0,0],[0,0],[0,0],[-0.515,0.522],[0,0.912],[0.493,0.521],[0.707,0]],"o":[[0,0],[0,0],[0.75,0],[0.535,-0.522],[0,-0.891],[-0.472,-0.522],[0,0]],"v":[[-4.756,-7.726],[-4.756,-1.891],[1.157,-1.891],[3.053,-2.673],[3.857,-4.824],[3.118,-6.943],[1.35,-7.726]],"c":true},"ix":2},"nm":"Контур 3","mn":"ADBE Vector Shape - Group","hd":false},{"ty":"mm","mm":1,"nm":"Объединить контуры 1","mn":"ADBE Vector Filter - Merge","hd":false},{"ty":"tr","p":{"a":0,"k":[163.734,258.113],"ix":2},"a":{"a":0,"k":[0,0],"ix":1},"s":{"a":0,"k":[100,100],"ix":3},"r":{"a":0,"k":0,"ix":6},"o":{"a":0,"k":100,"ix":7},"sk":{"a":0,"k":0,"ix":4},"sa":{"a":0,"k":0,"ix":5},"nm":"Преобразовать"}],"nm":"Группа 3","np":5,"cix":2,"bm":0,"ix":3,"mn":"ADBE Vector Group","hd":false},{"ty":"gr","it":[{"ind":0,"ty":"sh","ix":1,"ks":{"a":0,"k":{"i":[[0,0],[0,0],[0,0],[0,0],[0,0],[0,0],[0,0],[0,0]],"o":[[0,0],[0,0],[0,0],[0,0],[0,0],[0,0],[0,0],[0,0]],"v":[[-1.945,-11.572],[1.976,-11.572],[10.654,11.572],[6.09,11.572],[3.969,5.803],[-4.002,5.803],[-6.091,11.572],[-10.654,11.572]],"c":true},"ix":2},"nm":"Контур 1","mn":"ADBE Vector Shape - Group","hd":false},{"ind":1,"ty":"sh","ix":2,"ks":{"a":0,"k":{"i":[[0,0],[0,0],[0,0]],"o":[[0,0],[0,0],[0,0]],"v":[[3.165,2.641],[0.016,-6.454],[-3.262,2.641]],"c":true},"ix":2},"nm":"Контур 2","mn":"ADBE Vector Shape - Group","hd":false},{"ty":"mm","mm":1,"nm":"Объединить контуры 1","mn":"ADBE Vector Filter - Merge","hd":false},{"ty":"tr","p":{"a":0,"k":[141.386,258.113],"ix":2},"a":{"a":0,"k":[0,0],"ix":1},"s":{"a":0,"k":[100,100],"ix":3},"r":{"a":0,"k":0,"ix":6},"o":{"a":0,"k":100,"ix":7},"sk":{"a":0,"k":0,"ix":4},"sa":{"a":0,"k":0,"ix":5},"nm":"Преобразовать"}],"nm":"Группа 4","np":4,"cix":2,"bm":0,"ix":4,"mn":"ADBE Vector Group","hd":false},{"ty":"gr","it":[{"ind":0,"ty":"sh","ix":1,"ks":{"a":0,"k":{"i":[[0,0],[0,0],[0,0],[0,0],[0,0],[0,0],[0,0],[0,0],[0,0],[0,0],[0,0],[0,0]],"o":[[0,0],[0,0],[0,0],[0,0],[0,0],[0,0],[0,0],[0,0],[0,0],[0,0],[0,0],[0,0]],"v":[[-9.722,11.572],[-9.722,-11.54],[-5.287,-11.54],[-5.287,-0.554],[4.291,-11.572],[9.176,-11.572],[0.434,-1.304],[9.722,11.572],[4.741,11.572],[-2.362,1.565],[-5.287,4.662],[-5.287,11.572]],"c":true},"ix":2},"nm":"Контур 1","mn":"ADBE Vector Shape - Group","hd":false},{"ty":"tr","p":{"a":0,"k":[121.172,258.113],"ix":2},"a":{"a":0,"k":[0,0],"ix":1},"s":{"a":0,"k":[100,100],"ix":3},"r":{"a":0,"k":0,"ix":6},"o":{"a":0,"k":100,"ix":7},"sk":{"a":0,"k":0,"ix":4},"sa":{"a":0,"k":0,"ix":5},"nm":"Преобразовать"}],"nm":"Группа 5","np":2,"cix":2,"bm":0,"ix":5,"mn":"ADBE Vector Group","hd":false},{"ty":"gr","it":[{"ind":0,"ty":"sh","ix":1,"ks":{"a":0,"k":{"i":[[0,0],[0,0],[0,0],[-0.879,-0.456],[-0.643,-0.739],[-0.364,-0.934],[0,-0.935],[0.75,-1.238],[1.264,-0.544],[0,0],[0,0],[0,0],[0,0],[0,0]],"o":[[0,0],[0,0],[1.05,0],[0.9,0.435],[0.642,0.717],[0.364,0.913],[0,1.499],[-0.729,1.217],[0,0],[0,0],[0,0],[0,0],[0,0],[0,0]],"v":[[-9.224,11.572],[-9.224,-11.572],[0.868,-11.572],[3.761,-10.888],[6.075,-9.127],[7.585,-6.65],[8.132,-3.879],[7.007,0.228],[4.018,2.869],[9.224,11.572],[4.243,11.572],[-0.418,3.814],[-4.788,3.814],[-4.788,11.572]],"c":true},"ix":2},"nm":"Контур 1","mn":"ADBE Vector Shape - Group","hd":false},{"ind":1,"ty":"sh","ix":2,"ks":{"a":0,"k":{"i":[[0,0],[0,0],[-0.343,0.196],[-0.257,0.326],[-0.15,0.456],[0,0.521],[0.172,0.457],[0.3,0.326],[0.385,0.173],[0.386,0],[0,0]],"o":[[0,0],[0.407,0],[0.364,-0.195],[0.257,-0.348],[0.15,-0.457],[0,-0.543],[-0.171,-0.456],[-0.278,-0.348],[-0.364,-0.196],[0,0],[0,0]],"v":[[-4.788,-0.13],[0.772,-0.13],[1.897,-0.424],[2.829,-1.206],[3.439,-2.412],[3.664,-3.879],[3.407,-5.379],[2.7,-6.552],[1.704,-7.334],[0.579,-7.628],[-4.788,-7.628]],"c":true},"ix":2},"nm":"Контур 2","mn":"ADBE Vector Shape - Group","hd":false},{"ty":"mm","mm":1,"nm":"Объединить контуры 1","mn":"ADBE Vector Filter - Merge","hd":false},{"ty":"tr","p":{"a":0,"k":[99.3,258.113],"ix":2},"a":{"a":0,"k":[0,0],"ix":1},"s":{"a":0,"k":[100,100],"ix":3},"r":{"a":0,"k":0,"ix":6},"o":{"a":0,"k":100,"ix":7},"sk":{"a":0,"k":0,"ix":4},"sa":{"a":0,"k":0,"ix":5},"nm":"Преобразовать"}],"nm":"Группа 6","np":4,"cix":2,"bm":0,"ix":6,"mn":"ADBE Vector Group","hd":false},{"ty":"gr","it":[{"ind":0,"ty":"sh","ix":1,"ks":{"a":0,"k":{"i":[[0,0],[0,0],[0,0],[0,0],[0,0],[0,0],[0,0],[0,0]],"o":[[0,0],[0,0],[0,0],[0,0],[0,0],[0,0],[0,0],[0,0]],"v":[[-1.944,-11.572],[1.977,-11.572],[10.654,11.572],[6.09,11.572],[3.969,5.803],[-4.001,5.803],[-6.09,11.572],[-10.654,11.572]],"c":true},"ix":2},"nm":"Контур 1","mn":"ADBE Vector Shape - Group","hd":false},{"ind":1,"ty":"sh","ix":2,"ks":{"a":0,"k":{"i":[[0,0],[0,0],[0,0]],"o":[[0,0],[0,0],[0,0]],"v":[[3.166,2.641],[0.016,-6.454],[-3.262,2.641]],"c":true},"ix":2},"nm":"Контур 2","mn":"ADBE Vector Shape - Group","hd":false},{"ty":"mm","mm":1,"nm":"Объединить контуры 1","mn":"ADBE Vector Filter - Merge","hd":false},{"ty":"tr","p":{"a":0,"k":[76.92,258.113],"ix":2},"a":{"a":0,"k":[0,0],"ix":1},"s":{"a":0,"k":[100,100],"ix":3},"r":{"a":0,"k":0,"ix":6},"o":{"a":0,"k":100,"ix":7},"sk":{"a":0,"k":0,"ix":4},"sa":{"a":0,"k":0,"ix":5},"nm":"Преобразовать"}],"nm":"Группа 7","np":4,"cix":2,"bm":0,"ix":7,"mn":"ADBE Vector Group","hd":false},{"ty":"gr","it":[{"ind":0,"ty":"sh","ix":1,"ks":{"a":0,"k":{"i":[[0,0],[0,0],[0,0],[0,0],[0,0],[0,0],[0,0],[0,0],[0,0],[0,0],[0,0],[0,0],[0,0]],"o":[[0,0],[0,0],[0,0],[0,0],[0,0],[0,0],[0,0],[0,0],[0,0],[0,0],[0,0],[0,0],[0,0]],"v":[[7.087,11.572],[7.087,-3.749],[1.205,7.661],[-1.205,7.661],[-7.087,-3.749],[-7.087,11.572],[-11.522,11.572],[-11.522,-11.572],[-6.765,-11.572],[-0.016,1.597],[6.797,-11.572],[11.522,-11.572],[11.522,11.572]],"c":true},"ix":2},"nm":"Контур 1","mn":"ADBE Vector Shape - Group","hd":false},{"ty":"tr","p":{"a":0,"k":[52.197,258.113],"ix":2},"a":{"a":0,"k":[0,0],"ix":1},"s":{"a":0,"k":[100,100],"ix":3},"r":{"a":0,"k":0,"ix":6},"o":{"a":0,"k":100,"ix":7},"sk":{"a":0,"k":0,"ix":4},"sa":{"a":0,"k":0,"ix":5},"nm":"Преобразовать"}],"nm":"Группа 8","np":2,"cix":2,"bm":0,"ix":8,"mn":"ADBE Vector Group","hd":false},{"ty":"gr","it":[{"ind":0,"ty":"sh","ix":1,"ks":{"a":0,"k":{"i":[[0,0],[0,0],[0,0],[0,0],[0,0],[0,0],[0,0],[0,0],[0,0],[0,0],[0,0],[0,0]],"o":[[0,0],[0,0],[0,0],[0,0],[0,0],[0,0],[0,0],[0,0],[0,0],[0,0],[0,0],[0,0]],"v":[[7.922,7.628],[7.922,11.572],[-7.922,11.572],[-7.922,-11.572],[7.633,-11.572],[7.633,-7.628],[-3.487,-7.628],[-3.487,-2.054],[6.123,-2.054],[6.123,1.597],[-3.487,1.597],[-3.487,7.628]],"c":true},"ix":2},"nm":"Контур 1","mn":"ADBE Vector Shape - Group","hd":false},{"ty":"tr","p":{"a":0,"k":[29.296,258.113],"ix":2},"a":{"a":0,"k":[0,0],"ix":1},"s":{"a":0,"k":[100,100],"ix":3},"r":{"a":0,"k":0,"ix":6},"o":{"a":0,"k":100,"ix":7},"sk":{"a":0,"k":0,"ix":4},"sa":{"a":0,"k":0,"ix":5},"nm":"Преобразовать"}],"nm":"Группа 9","np":2,"cix":2,"bm":0,"ix":9,"mn":"ADBE Vector Group","hd":false},{"ty":"gr","it":[{"ind":0,"ty":"sh","ix":1,"ks":{"a":0,"k":{"i":[[0,0],[0,0],[0,0],[-0.879,-0.456],[-0.643,-0.739],[-0.364,-0.934],[0,-0.935],[0.75,-1.238],[1.264,-0.544],[0,0],[0,0],[0,0],[0,0],[0,0]],"o":[[0,0],[0,0],[1.05,0],[0.9,0.435],[0.643,0.717],[0.364,0.913],[0,1.499],[-0.728,1.217],[0,0],[0,0],[0,0],[0,0],[0,0],[0,0]],"v":[[-9.224,11.572],[-9.224,-11.572],[0.868,-11.572],[3.76,-10.888],[6.074,-9.127],[7.585,-6.65],[8.131,-3.879],[7.006,0.228],[4.017,2.869],[9.224,11.572],[4.242,11.572],[-0.418,3.814],[-4.789,3.814],[-4.789,11.572]],"c":true},"ix":2},"nm":"Контур 1","mn":"ADBE Vector Shape - Group","hd":false},{"ind":1,"ty":"sh","ix":2,"ks":{"a":0,"k":{"i":[[0,0],[0,0],[-0.343,0.196],[-0.257,0.326],[-0.15,0.456],[0,0.521],[0.171,0.457],[0.3,0.326],[0.386,0.173],[0.386,0],[0,0]],"o":[[0,0],[0.407,0],[0.364,-0.195],[0.257,-0.348],[0.15,-0.457],[0,-0.543],[-0.171,-0.456],[-0.279,-0.348],[-0.364,-0.196],[0,0],[0,0]],"v":[[-4.789,-0.13],[0.771,-0.13],[1.896,-0.424],[2.828,-1.206],[3.439,-2.412],[3.664,-3.879],[3.407,-5.379],[2.7,-6.552],[1.703,-7.334],[0.578,-7.628],[-4.789,-7.628]],"c":true},"ix":2},"nm":"Контур 2","mn":"ADBE Vector Shape - Group","hd":false},{"ty":"mm","mm":1,"nm":"Объединить контуры 1","mn":"ADBE Vector Filter - Merge","hd":false},{"ty":"tr","p":{"a":0,"k":[9.224,258.113],"ix":2},"a":{"a":0,"k":[0,0],"ix":1},"s":{"a":0,"k":[100,100],"ix":3},"r":{"a":0,"k":0,"ix":6},"o":{"a":0,"k":100,"ix":7},"sk":{"a":0,"k":0,"ix":4},"sa":{"a":0,"k":0,"ix":5},"nm":"Преобразовать"}],"nm":"Группа 10","np":4,"cix":2,"bm":0,"ix":10,"mn":"ADBE Vector Group","hd":false},{"ty":"gr","it":[{"ty":"tr","p":{"a":0,"k":[0,0],"ix":2},"a":{"a":0,"k":[0,0],"ix":1},"s":{"a":0,"k":[100,100],"ix":3},"r":{"a":0,"k":0,"ix":6},"o":{"a":0,"k":100,"ix":7},"sk":{"a":0,"k":0,"ix":4},"sa":{"a":0,"k":0,"ix":5},"nm":"Преобразовать"}],"nm":"Группа 11","np":0,"cix":2,"bm":0,"ix":11,"mn":"ADBE Vector Group","hd":false},{"ty":"fl","c":{"a":1,"k":[{"i":{"x":[0.833],"y":[0.833]},"o":{"x":[0.167],"y":[0.167]},"t":42,"s":[0.113725490868,0.192156866193,0.352941185236,1]},{"t":43.0000017514259,"s":[1,1,1,1]}],"ix":4},"o":{"a":0,"k":100,"ix":5},"r":1,"bm":0,"nm":"Заливка 1","mn":"ADBE Vector Graphic - Fill","hd":false},{"ty":"tr","p":{"a":0,"k":[105.5,258.113],"ix":2},"a":{"a":0,"k":[105.5,258.113],"ix":1},"s":{"a":0,"k":[100,100],"ix":3},"r":{"a":0,"k":0,"ix":6},"o":{"a":0,"k":100,"ix":7},"sk":{"a":0,"k":0,"ix":4},"sa":{"a":0,"k":0,"ix":5},"nm":"Преобразовать"}],"nm":"Группа 1","np":12,"cix":2,"bm":0,"ix":1,"mn":"ADBE Vector Group","hd":false},{"ty":"tr","p":{"a":0,"k":[105.5,258.113],"ix":2},"a":{"a":0,"k":[105.5,258.113],"ix":1},"s":{"a":0,"k":[100,100],"ix":3},"r":{"a":0,"k":0,"ix":6},"o":{"a":0,"k":100,"ix":7},"sk":{"a":0,"k":0,"ix":4},"sa":{"a":0,"k":0,"ix":5},"nm":"Преобразовать"}],"nm":"Группа 21","np":1,"cix":2,"bm":0,"ix":1,"mn":"ADBE Vector Group","hd":false},{"ty":"gr","it":[{"ind":0,"ty":"sh","ix":1,"ks":{"a":0,"k":{"i":[[0,0],[-0.139,0],[-0.14,0],[-0.2,0.113],[-0.2,0.383],[-0.24,0.721],[-0.458,1.216],[0,0],[0,0],[0,0],[0,0],[0,0],[0,0],[0.518,-0.473],[0.877,0],[0.179,0.023],[0.259,0.045]],"o":[[0.159,0.023],[0.16,0.023],[0.359,0],[0.219,-0.113],[0.199,-0.383],[0.259,-0.721],[0,0],[0,0],[0,0],[0,0],[0,0],[0,0],[-0.219,0.654],[-0.499,0.495],[-0.199,0],[-0.18,0],[0,0]],"v":[[-4.89,10.44],[-4.442,10.475],[-3.993,10.508],[-3.155,10.339],[-2.527,9.597],[-1.869,7.941],[-0.793,5.034],[-7.582,-12.569],[-5.488,-12.569],[0.284,2.906],[5.638,-12.569],[7.582,-12.569],[-0.494,10.136],[-1.6,11.827],[-3.664,12.57],[-4.232,12.536],[-4.89,12.468]],"c":true},"ix":2},"nm":"Контур 1","mn":"ADBE Vector Shape - Group","hd":false},{"ty":"fl","c":{"a":0,"k":[0.490195988674,0.552940996955,0.674509983437,1],"ix":4},"o":{"a":0,"k":100,"ix":5},"r":1,"bm":0,"nm":"Заливка 1","mn":"ADBE Vector Graphic - Fill","hd":false},{"ty":"tr","p":{"a":0,"k":[176.418,307.43],"ix":2},"a":{"a":0,"k":[0,0],"ix":1},"s":{"a":0,"k":[100,100],"ix":3},"r":{"a":0,"k":0,"ix":6},"o":{"a":0,"k":100,"ix":7},"sk":{"a":0,"k":0,"ix":4},"sa":{"a":0,"k":0,"ix":5},"nm":"Преобразовать"}],"nm":"Группа 11","np":2,"cix":2,"bm":0,"ix":2,"mn":"ADBE Vector Group","hd":false},{"ty":"gr","it":[{"ind":0,"ty":"sh","ix":1,"ks":{"a":0,"k":{"i":[[1.136,0],[0.897,0.496],[0.658,0.833],[0.359,1.081],[0,1.148],[-0.339,1.104],[-0.638,0.833],[-0.878,0.496],[-1.077,0],[-0.977,-0.766],[-0.698,-1.149],[0,0],[0,0],[0,0],[0.419,-0.924],[0.698,-0.631],[0.938,-0.315],[1.037,0],[1.097,0.721],[0.677,1.216],[0,0],[-1.017,-0.519],[-1.176,0],[-0.678,0.248],[-0.498,0.473],[-0.299,0.721],[0,0.946],[0,0],[1.037,-0.654]],"o":[[-1.077,0],[-0.878,-0.518],[-0.638,-0.834],[-0.359,-1.081],[0,-1.217],[0.359,-1.126],[0.638,-0.834],[0.897,-0.496],[1.336,0],[0.977,0.743],[0,0],[0,0],[0,0],[0,1.216],[-0.399,0.946],[-0.678,0.631],[-0.917,0.315],[-1.794,0],[-1.096,-0.721],[0,0],[0.618,1.126],[1.017,0.54],[0.758,0],[0.678,-0.225],[0.519,-0.45],[0.299,-0.698],[0,0],[-0.598,1.127],[-1.037,0.653]],"v":[[-0.224,5.423],[-3.185,4.68],[-5.488,2.652],[-6.984,-0.22],[-7.522,-3.565],[-7.014,-7.046],[-5.518,-9.984],[-3.245,-11.979],[-0.284,-12.721],[3.185,-11.573],[5.698,-8.735],[5.698,-12.418],[7.522,-12.418],[7.522,5.254],[6.894,8.465],[5.249,10.829],[2.826,12.248],[-0.105,12.721],[-4.442,11.64],[-7.103,8.734],[-5.847,7.619],[-3.395,10.086],[-0.105,10.896],[2.049,10.525],[3.813,9.478],[5.04,7.72],[5.488,5.254],[5.488,1.773],[3.036,4.443]],"c":true},"ix":2},"nm":"Контур 1","mn":"ADBE Vector Shape - Group","hd":false},{"ind":1,"ty":"sh","ix":2,"ks":{"a":0,"k":{"i":[[-0.818,0],[-0.579,0.248],[-0.459,0.405],[-0.319,0.518],[-0.099,0.54],[0,0],[0.379,0.54],[0.479,0.383],[0.558,0.225],[0.558,0],[0.698,-0.428],[0.479,-0.676],[0.26,-0.856],[0,-0.878],[-0.299,-0.856],[-0.518,-0.653],[-0.698,-0.383]],"o":[[0.598,0],[0.578,-0.248],[0.478,-0.428],[0.319,-0.518],[0,0],[-0.219,-0.631],[-0.379,-0.541],[-0.479,-0.383],[-0.539,-0.225],[-0.878,0],[-0.678,0.406],[-0.478,0.676],[-0.239,0.856],[0,0.947],[0.299,0.856],[0.539,0.631],[0.698,0.36]],"v":[[0.344,3.497],[2.109,3.125],[3.664,2.145],[4.86,0.727],[5.488,-0.862],[5.488,-6.302],[4.591,-8.059],[3.305,-9.445],[1.75,-10.357],[0.105,-10.695],[-2.258,-10.052],[-3.993,-8.431],[-5.1,-6.133],[-5.458,-3.532],[-5.01,-0.828],[-3.784,1.435],[-1.929,2.956]],"c":true},"ix":2},"nm":"Контур 2","mn":"ADBE Vector Shape - Group","hd":false},{"ty":"mm","mm":1,"nm":"Объединить контуры 1","mn":"ADBE Vector Filter - Merge","hd":false},{"ty":"fl","c":{"a":0,"k":[0.490195988674,0.552940996955,0.674509983437,1],"ix":4},"o":{"a":0,"k":100,"ix":5},"r":1,"bm":0,"nm":"Заливка 1","mn":"ADBE Vector Graphic - Fill","hd":false},{"ty":"tr","p":{"a":0,"k":[158.617,307.279],"ix":2},"a":{"a":0,"k":[0,0],"ix":1},"s":{"a":0,"k":[100,100],"ix":3},"r":{"a":0,"k":0,"ix":6},"o":{"a":0,"k":100,"ix":7},"sk":{"a":0,"k":0,"ix":4},"sa":{"a":0,"k":0,"ix":5},"nm":"Преобразовать"}],"nm":"Группа 12","np":4,"cix":2,"bm":0,"ix":3,"mn":"ADBE Vector Group","hd":false},{"ty":"gr","it":[{"ind":0,"ty":"sh","ix":1,"ks":{"a":0,"k":{"i":[[1.136,0],[0.937,0.473],[0.698,0.833],[0.379,1.104],[0,1.216],[-0.379,1.103],[-0.678,0.833],[-0.937,0.496],[-1.117,0],[-0.937,-0.496],[-0.678,-0.834],[-0.379,-1.104],[0,-1.239],[0.379,-1.104],[0.698,-0.834],[0.957,-0.495]],"o":[[-1.137,0],[-0.937,-0.495],[-0.677,-0.834],[-0.379,-1.104],[0,-1.239],[0.399,-1.104],[0.698,-0.834],[0.937,-0.496],[1.116,0],[0.957,0.496],[0.698,0.833],[0.399,1.103],[0,1.216],[-0.379,1.104],[-0.678,0.833],[-0.937,0.473]],"v":[[-0.014,9.123],[-3.126,8.413],[-5.579,6.42],[-7.163,3.514],[-7.731,0.034],[-7.163,-3.48],[-5.548,-6.386],[-3.096,-8.38],[-0.014,-9.123],[3.066,-8.38],[5.518,-6.386],[7.133,-3.48],[7.732,0.034],[7.163,3.514],[5.549,6.42],[3.096,8.413]],"c":true},"ix":2},"nm":"Контур 1","mn":"ADBE Vector Shape - Group","hd":false},{"ind":1,"ty":"sh","ix":2,"ks":{"a":0,"k":{"i":[[0,-0.991],[-0.299,-0.856],[-0.499,-0.653],[-0.678,-0.36],[-0.778,0],[-0.678,0.36],[-0.518,0.631],[-0.299,0.856],[0,0.991],[0.299,0.856],[0.519,0.631],[0.698,0.361],[0.777,0],[0.678,-0.382],[0.518,-0.653],[0.299,-0.879]],"o":[[0,0.992],[0.299,0.834],[0.518,0.631],[0.698,0.36],[0.777,0],[0.698,-0.383],[0.519,-0.653],[0.299,-0.856],[0,-0.969],[-0.299,-0.879],[-0.518,-0.653],[-0.678,-0.382],[-0.778,0],[-0.678,0.361],[-0.519,0.653],[-0.299,0.856]],"v":[[-5.667,0.067],[-5.219,2.838],[-4.023,5.068],[-2.228,6.555],[-0.014,7.096],[2.169,6.555],[3.993,5.034],[5.22,2.771],[5.667,0],[5.22,-2.737],[3.993,-5.001],[2.169,-6.522],[-0.014,-7.096],[-2.199,-6.522],[-3.992,-5.001],[-5.219,-2.703]],"c":true},"ix":2},"nm":"Контур 2","mn":"ADBE Vector Shape - Group","hd":false},{"ty":"mm","mm":1,"nm":"Объединить контуры 1","mn":"ADBE Vector Filter - Merge","hd":false},{"ty":"fl","c":{"a":0,"k":[0.490195988674,0.552940996955,0.674509983437,1],"ix":4},"o":{"a":0,"k":100,"ix":5},"r":1,"bm":0,"nm":"Заливка 1","mn":"ADBE Vector Graphic - Fill","hd":false},{"ty":"tr","p":{"a":0,"k":[141.008,303.68],"ix":2},"a":{"a":0,"k":[0,0],"ix":1},"s":{"a":0,"k":[100,100],"ix":3},"r":{"a":0,"k":0,"ix":6},"o":{"a":0,"k":100,"ix":7},"sk":{"a":0,"k":0,"ix":4},"sa":{"a":0,"k":0,"ix":5},"nm":"Преобразовать"}],"nm":"Группа 13","np":4,"cix":2,"bm":0,"ix":4,"mn":"ADBE Vector Group","hd":false},{"ty":"gr","it":[{"ind":0,"ty":"sh","ix":1,"ks":{"a":0,"k":{"i":[[0,0],[0,0],[0,0],[-0.319,-0.383],[-0.579,0],[-0.299,0.068],[-0.259,0.113],[0,0],[0.558,-0.113],[0.399,0],[0.538,0.586],[0,1.081]],"o":[[0,0],[0,0],[0,0.653],[0.319,0.361],[0.219,0],[0.299,-0.067],[0,0],[-0.379,0.18],[-0.538,0.112],[-0.937,0],[-0.538,-0.608],[0,0]],"v":[[-2.916,-12.434],[-0.882,-12.434],[-0.882,8.245],[-0.403,9.798],[0.943,10.34],[1.719,10.238],[2.558,9.967],[2.917,11.826],[1.51,12.266],[0.105,12.434],[-2.109,11.555],[-2.916,9.021]],"c":true},"ix":2},"nm":"Контур 1","mn":"ADBE Vector Shape - Group","hd":false},{"ty":"fl","c":{"a":0,"k":[0.490195988674,0.552940996955,0.674509983437,1],"ix":4},"o":{"a":0,"k":100,"ix":5},"r":1,"bm":0,"nm":"Заливка 1","mn":"ADBE Vector Graphic - Fill","hd":false},{"ty":"tr","p":{"a":0,"k":[129.21,300.233],"ix":2},"a":{"a":0,"k":[0,0],"ix":1},"s":{"a":0,"k":[100,100],"ix":3},"r":{"a":0,"k":0,"ix":6},"o":{"a":0,"k":100,"ix":7},"sk":{"a":0,"k":0,"ix":4},"sa":{"a":0,"k":0,"ix":5},"nm":"Преобразовать"}],"nm":"Группа 14","np":2,"cix":2,"bm":0,"ix":5,"mn":"ADBE Vector Group","hd":false},{"ty":"gr","it":[{"ind":0,"ty":"sh","ix":1,"ks":{"a":0,"k":{"i":[[1.136,0],[0.937,0.473],[0.698,0.833],[0.379,1.104],[0,1.216],[-0.379,1.103],[-0.678,0.833],[-0.937,0.496],[-1.117,0],[-0.937,-0.496],[-0.678,-0.834],[-0.379,-1.104],[0,-1.239],[0.379,-1.104],[0.698,-0.834],[0.957,-0.495]],"o":[[-1.137,0],[-0.937,-0.495],[-0.678,-0.834],[-0.379,-1.104],[0,-1.239],[0.399,-1.104],[0.698,-0.834],[0.937,-0.496],[1.116,0],[0.957,0.496],[0.698,0.833],[0.399,1.103],[0,1.216],[-0.379,1.104],[-0.678,0.833],[-0.937,0.473]],"v":[[-0.014,9.123],[-3.126,8.413],[-5.578,6.42],[-7.163,3.514],[-7.731,0.034],[-7.163,-3.48],[-5.548,-6.386],[-3.096,-8.38],[-0.014,-9.123],[3.066,-8.38],[5.518,-6.386],[7.133,-3.48],[7.731,0.034],[7.163,3.514],[5.549,6.42],[3.096,8.413]],"c":true},"ix":2},"nm":"Контур 1","mn":"ADBE Vector Shape - Group","hd":false},{"ind":1,"ty":"sh","ix":2,"ks":{"a":0,"k":{"i":[[0,-0.991],[-0.299,-0.856],[-0.499,-0.653],[-0.678,-0.36],[-0.778,0],[-0.678,0.36],[-0.518,0.631],[-0.299,0.856],[0,0.991],[0.299,0.856],[0.519,0.631],[0.698,0.361],[0.777,0],[0.678,-0.382],[0.518,-0.653],[0.299,-0.879]],"o":[[0,0.992],[0.299,0.834],[0.518,0.631],[0.698,0.36],[0.777,0],[0.698,-0.383],[0.519,-0.653],[0.299,-0.856],[0,-0.969],[-0.299,-0.879],[-0.518,-0.653],[-0.678,-0.382],[-0.778,0],[-0.678,0.361],[-0.519,0.653],[-0.299,0.856]],"v":[[-5.667,0.067],[-5.219,2.838],[-4.022,5.068],[-2.228,6.555],[-0.014,7.096],[2.169,6.555],[3.992,5.034],[5.22,2.771],[5.667,0],[5.22,-2.737],[3.992,-5.001],[2.169,-6.522],[-0.014,-7.096],[-2.199,-6.522],[-3.992,-5.001],[-5.219,-2.703]],"c":true},"ix":2},"nm":"Контур 2","mn":"ADBE Vector Shape - Group","hd":false},{"ty":"mm","mm":1,"nm":"Объединить контуры 1","mn":"ADBE Vector Filter - Merge","hd":false},{"ty":"fl","c":{"a":0,"k":[0.490195988674,0.552940996955,0.674509983437,1],"ix":4},"o":{"a":0,"k":100,"ix":5},"r":1,"bm":0,"nm":"Заливка 1","mn":"ADBE Vector Graphic - Fill","hd":false},{"ty":"tr","p":{"a":0,"k":[115.071,303.68],"ix":2},"a":{"a":0,"k":[0,0],"ix":1},"s":{"a":0,"k":[100,100],"ix":3},"r":{"a":0,"k":0,"ix":6},"o":{"a":0,"k":100,"ix":7},"sk":{"a":0,"k":0,"ix":4},"sa":{"a":0,"k":0,"ix":5},"nm":"Преобразовать"}],"nm":"Группа 15","np":4,"cix":2,"bm":0,"ix":6,"mn":"ADBE Vector Group","hd":false},{"ty":"gr","it":[{"ind":0,"ty":"sh","ix":1,"ks":{"a":0,"k":{"i":[[0,0],[0,0],[0,0],[0.559,0.946],[1.137,0],[0.598,-0.247],[0.518,-0.451],[0.399,-0.631],[0.18,-0.721],[0,0],[0,0],[0,0],[0,0],[0,0],[-1.176,0.789],[-1.396,0],[-0.598,-0.36],[-0.359,-0.653],[-0.159,-0.946],[0,-1.149]],"o":[[0,0],[0,0],[0,-2.095],[-0.538,-0.946],[-0.598,0],[-0.598,0.248],[-0.499,0.45],[-0.399,0.608],[0,0],[0,0],[0,0],[0,0],[0,0],[0.638,-1.284],[1.196,-0.788],[0.857,0],[0.598,0.361],[0.359,0.653],[0.16,0.946],[0,0]],"v":[[6.55,8.954],[4.516,8.954],[4.516,-0.879],[3.678,-5.44],[1.166,-6.859],[-0.628,-6.488],[-2.303,-5.44],[-3.649,-3.818],[-4.517,-1.825],[-4.517,8.954],[-6.55,8.954],[-6.55,-8.65],[-4.696,-8.65],[-4.696,-4.663],[-1.974,-7.772],[1.914,-8.954],[4.097,-8.414],[5.533,-6.893],[6.31,-4.494],[6.55,-1.352]],"c":true},"ix":2},"nm":"Контур 1","mn":"ADBE Vector Shape - Group","hd":false},{"ty":"fl","c":{"a":0,"k":[0.490195988674,0.552940996955,0.674509983437,1],"ix":4},"o":{"a":0,"k":100,"ix":5},"r":1,"bm":0,"nm":"Заливка 1","mn":"ADBE Vector Graphic - Fill","hd":false},{"ty":"tr","p":{"a":0,"k":[97.53,303.511],"ix":2},"a":{"a":0,"k":[0,0],"ix":1},"s":{"a":0,"k":[100,100],"ix":3},"r":{"a":0,"k":0,"ix":6},"o":{"a":0,"k":100,"ix":7},"sk":{"a":0,"k":0,"ix":4},"sa":{"a":0,"k":0,"ix":5},"nm":"Преобразовать"}],"nm":"Группа 16","np":2,"cix":2,"bm":0,"ix":7,"mn":"ADBE Vector Group","hd":false},{"ty":"gr","it":[{"ind":0,"ty":"sh","ix":1,"ks":{"a":0,"k":{"i":[[0,0],[0,0],[0,0],[0.618,0.992],[1.176,0],[0.578,-0.27],[0.498,-0.451],[0.379,-0.609],[0.179,-0.721],[0,0],[0,0],[0,0],[0,0],[0,0],[-1.097,0.765],[-1.276,0],[-0.618,-0.383],[-0.399,-0.675],[-0.179,-0.946],[0,-1.126]],"o":[[0,0],[0,0],[0,-2.004],[-0.598,-0.991],[-0.578,0],[-0.558,0.248],[-0.499,0.45],[-0.359,0.608],[0,0],[0,0],[0,0],[0,0],[0,0],[0.618,-1.329],[1.097,-0.766],[0.897,0],[0.618,0.361],[0.399,0.654],[0.179,0.924],[0,0]],"v":[[6.55,12.333],[4.516,12.333],[4.516,2.5],[3.589,-1.994],[0.927,-3.48],[-0.808,-3.075],[-2.393,-2.027],[-3.709,-0.439],[-4.516,1.554],[-4.516,12.333],[-6.55,12.333],[-6.55,-12.333],[-4.516,-12.333],[-4.516,-1.284],[-1.944,-4.426],[1.615,-5.575],[3.888,-5.001],[5.414,-3.447],[6.281,-1.048],[6.55,2.027]],"c":true},"ix":2},"nm":"Контур 1","mn":"ADBE Vector Shape - Group","hd":false},{"ty":"fl","c":{"a":0,"k":[0.490195988674,0.552940996955,0.674509983437,1],"ix":4},"o":{"a":0,"k":100,"ix":5},"r":1,"bm":0,"nm":"Заливка 1","mn":"ADBE Vector Graphic - Fill","hd":false},{"ty":"tr","p":{"a":0,"k":[80.092,300.132],"ix":2},"a":{"a":0,"k":[0,0],"ix":1},"s":{"a":0,"k":[100,100],"ix":3},"r":{"a":0,"k":0,"ix":6},"o":{"a":0,"k":100,"ix":7},"sk":{"a":0,"k":0,"ix":4},"sa":{"a":0,"k":0,"ix":5},"nm":"Преобразовать"}],"nm":"Группа 17","np":2,"cix":2,"bm":0,"ix":8,"mn":"ADBE Vector Group","hd":false},{"ty":"gr","it":[{"ind":0,"ty":"sh","ix":1,"ks":{"a":0,"k":{"i":[[0,1.262],[-0.379,1.104],[-0.678,0.811],[-0.957,0.473],[-1.157,0],[-1.097,-0.766],[-0.558,-1.284],[0,0],[0.798,0.496],[0.957,0],[0.698,-0.361],[0.519,-0.63],[0.299,-0.856],[0,-1.013],[-0.299,-0.879],[-0.518,-0.653],[-0.678,-0.383],[-0.778,0],[-0.479,0.158],[-0.419,0.27],[-0.299,0.361],[-0.12,0.406],[0,0],[0.419,-0.54],[0.578,-0.406],[0.698,-0.203],[0.738,0],[0.957,0.473],[0.698,0.833],[0.399,1.104]],"o":[[0,-1.239],[0.379,-1.104],[0.698,-0.833],[0.957,-0.473],[1.476,0],[1.097,0.743],[0,0],[-0.439,-0.901],[-0.778,-0.518],[-0.798,0],[-0.678,0.36],[-0.498,0.609],[-0.279,0.856],[0,0.991],[0.299,0.878],[0.518,0.631],[0.698,0.36],[0.499,0],[0.499,-0.158],[0.419,-0.293],[0.299,-0.36],[0,0],[-0.219,0.631],[-0.419,0.518],[-0.558,0.382],[-0.678,0.225],[-1.136,0],[-0.957,-0.495],[-0.698,-0.856],[-0.379,-1.104]],"v":[[-7.148,-0.068],[-6.58,-3.582],[-4.995,-6.454],[-2.512,-8.414],[0.658,-9.123],[4.516,-7.974],[6.999,-4.933],[5.025,-4.224],[3.17,-6.319],[0.568,-7.096],[-1.675,-6.555],[-3.47,-5.069],[-4.666,-2.872],[-5.085,-0.068],[-4.636,2.737],[-3.41,5.034],[-1.615,6.555],[0.598,7.096],[2.064,6.859],[3.44,6.217],[4.516,5.237],[5.144,4.088],[7.148,4.764],[6.191,6.521],[4.696,7.907],[2.811,8.785],[0.688,9.123],[-2.453,8.413],[-4.935,6.42],[-6.58,3.48]],"c":true},"ix":2},"nm":"Контур 1","mn":"ADBE Vector Shape - Group","hd":false},{"ty":"fl","c":{"a":0,"k":[0.490195988674,0.552940996955,0.674509983437,1],"ix":4},"o":{"a":0,"k":100,"ix":5},"r":1,"bm":0,"nm":"Заливка 1","mn":"ADBE Vector Graphic - Fill","hd":false},{"ty":"tr","p":{"a":0,"k":[63.198,303.68],"ix":2},"a":{"a":0,"k":[0,0],"ix":1},"s":{"a":0,"k":[100,100],"ix":3},"r":{"a":0,"k":0,"ix":6},"o":{"a":0,"k":100,"ix":7},"sk":{"a":0,"k":0,"ix":4},"sa":{"a":0,"k":0,"ix":5},"nm":"Преобразовать"}],"nm":"Группа 18","np":2,"cix":2,"bm":0,"ix":9,"mn":"ADBE Vector Group","hd":false},{"ty":"gr","it":[{"ind":0,"ty":"sh","ix":1,"ks":{"a":0,"k":{"i":[[0.758,0],[0.957,0.473],[0.698,0.833],[0.399,1.104],[0,1.262],[-0.379,1.081],[-0.678,0.811],[-0.957,0.473],[-1.117,0],[-0.937,-0.496],[-0.678,-0.834],[-0.379,-1.081],[0,-1.216],[0,-0.18],[0.02,-0.068],[0,0],[-0.319,-0.811],[-0.518,-0.585],[-0.658,-0.338],[-0.758,0],[-0.499,0.158],[-0.419,0.271],[-0.339,0.383],[-0.179,0.473],[0,0],[0.439,-0.54],[0.578,-0.406],[0.698,-0.203]],"o":[[-1.137,0],[-0.937,-0.495],[-0.698,-0.856],[-0.379,-1.104],[0,-1.239],[0.399,-1.104],[0.698,-0.834],[0.957,-0.496],[1.136,0],[0.957,0.473],[0.678,0.833],[0.379,1.081],[0,0.181],[0,0.18],[0,0],[0.06,0.946],[0.339,0.789],[0.518,0.586],[0.678,0.315],[0.499,0],[0.499,-0.157],[0.419,-0.27],[0.339,-0.405],[0,0],[-0.239,0.654],[-0.439,0.518],[-0.578,0.382],[-0.698,0.225]],"v":[[0.06,9.123],[-3.081,8.413],[-5.533,6.42],[-7.178,3.48],[-7.747,-0.068],[-7.178,-3.548],[-5.563,-6.42],[-3.081,-8.38],[0.03,-9.123],[3.141,-8.38],[5.593,-6.42],[7.178,-3.548],[7.747,-0.102],[7.747,0.439],[7.717,0.811],[-5.623,0.811],[-5.055,3.446],[-3.769,5.507],[-2.004,6.893],[0.149,7.366],[1.645,7.129],[3.021,6.487],[4.157,5.507],[4.935,4.19],[6.7,4.73],[5.683,6.521],[4.157,7.907],[2.243,8.785]],"c":true},"ix":2},"nm":"Контур 1","mn":"ADBE Vector Shape - Group","hd":false},{"ind":1,"ty":"sh","ix":2,"ks":{"a":0,"k":{"i":[[0,0],[0.339,0.766],[0.518,0.564],[0.678,0.315],[0.758,0],[0.678,-0.316],[0.518,-0.563],[0.319,-0.789],[0.06,-0.924]],"o":[[-0.06,-0.946],[-0.319,-0.789],[-0.499,-0.563],[-0.658,-0.316],[-0.758,0],[-0.678,0.315],[-0.499,0.564],[-0.299,0.788],[0,0]],"v":[[5.802,-0.946],[5.204,-3.514],[3.948,-5.542],[2.183,-6.859],[0.06,-7.332],[-2.094,-6.859],[-3.888,-5.542],[-5.115,-3.514],[-5.653,-0.946]],"c":true},"ix":2},"nm":"Контур 2","mn":"ADBE Vector Shape - Group","hd":false},{"ty":"mm","mm":1,"nm":"Объединить контуры 1","mn":"ADBE Vector Filter - Merge","hd":false},{"ty":"fl","c":{"a":0,"k":[0.490195988674,0.552940996955,0.674509983437,1],"ix":4},"o":{"a":0,"k":100,"ix":5},"r":1,"bm":0,"nm":"Заливка 1","mn":"ADBE Vector Graphic - Fill","hd":false},{"ty":"tr","p":{"a":0,"k":[46.242,303.68],"ix":2},"a":{"a":0,"k":[0,0],"ix":1},"s":{"a":0,"k":[100,100],"ix":3},"r":{"a":0,"k":0,"ix":6},"o":{"a":0,"k":100,"ix":7},"sk":{"a":0,"k":0,"ix":4},"sa":{"a":0,"k":0,"ix":5},"nm":"Преобразовать"}],"nm":"Группа 19","np":4,"cix":2,"bm":0,"ix":10,"mn":"ADBE Vector Group","hd":false},{"ty":"gr","it":[{"ind":0,"ty":"sh","ix":1,"ks":{"a":0,"k":{"i":[[0,0],[0,0],[0,0],[0,0],[0,0],[0,0],[0,0],[0,0]],"o":[[0,0],[0,0],[0,0],[0,0],[0,0],[0,0],[0,0],[0,0]],"v":[[8.614,-9.9],[1.047,-9.9],[1.047,11.995],[-1.047,11.995],[-1.047,-9.9],[-8.614,-9.9],[-8.614,-11.995],[8.614,-11.995]],"c":true},"ix":2},"nm":"Контур 1","mn":"ADBE Vector Shape - Group","hd":false},{"ty":"fl","c":{"a":0,"k":[0.490195988674,0.552940996955,0.674509983437,1],"ix":4},"o":{"a":0,"k":100,"ix":5},"r":1,"bm":0,"nm":"Заливка 1","mn":"ADBE Vector Graphic - Fill","hd":false},{"ty":"tr","p":{"a":0,"k":[31.614,300.47],"ix":2},"a":{"a":0,"k":[0,0],"ix":1},"s":{"a":0,"k":[100,100],"ix":3},"r":{"a":0,"k":0,"ix":6},"o":{"a":0,"k":100,"ix":7},"sk":{"a":0,"k":0,"ix":4},"sa":{"a":0,"k":0,"ix":5},"nm":"Преобразовать"}],"nm":"Группа 20","np":2,"cix":2,"bm":0,"ix":11,"mn":"ADBE Vector Group","hd":false}],"ip":0,"op":900.000036657751,"st":0,"bm":0},{"ddd":0,"ind":3,"ty":4,"nm":"Cube","sr":1,"ks":{"o":{"a":1,"k":[{"i":{"x":[0.667],"y":[1]},"o":{"x":[0.333],"y":[0]},"t":0,"s":[0]},{"t":15.0000006109625,"s":[100]}],"ix":11},"r":{"a":0,"k":0,"ix":10},"p":{"a":1,"k":[{"i":{"x":0.667,"y":1},"o":{"x":0.333,"y":0},"t":0,"s":[960,602,0],"to":[0,-8.333,0],"ti":[0,8.333,0]},{"t":15.0000006109625,"s":[960,552,0]}],"ix":2},"a":{"a":0,"k":[105.5,160,0],"ix":1},"s":{"a":0,"k":[100,100,100],"ix":6}},"ao":0,"shapes":[{"ty":"gr","it":[{"ind":0,"ty":"sh","ix":1,"ks":{"a":0,"k":{"i":[[0,0],[-0.623,0],[0,0],[0,-0.627],[0,0],[0.623,0],[0,0],[0,0.627]],"o":[[0,-0.627],[0,0],[0.623,0],[0,0],[0,0.627],[0,0],[-0.623,0],[0,0]],"v":[[-105.5,-105.028],[-104.372,-106.163],[104.372,-106.163],[105.5,-105.028],[105.5,105.028],[104.372,106.163],[-104.372,106.163],[-105.5,105.028]],"c":true},"ix":2},"nm":"Контур 1","mn":"ADBE Vector Shape - Group","hd":false},{"ty":"fl","c":{"a":0,"k":[0.286274988511,0.517646998985,0.972549019608,1],"ix":4},"o":{"a":0,"k":100,"ix":5},"r":1,"bm":0,"nm":"Заливка 1","mn":"ADBE Vector Graphic - Fill","hd":false},{"ty":"tr","p":{"a":0,"k":[105.5,106.163],"ix":2},"a":{"a":0,"k":[0,0],"ix":1},"s":{"a":0,"k":[100,100],"ix":3},"r":{"a":0,"k":0,"ix":6},"o":{"a":0,"k":100,"ix":7},"sk":{"a":0,"k":0,"ix":4},"sa":{"a":0,"k":0,"ix":5},"nm":"Преобразовать"}],"nm":"Группа 24","np":2,"cix":2,"bm":0,"ix":1,"mn":"ADBE Vector Group","hd":false}],"ip":0,"op":900.000036657751,"st":0,"bm":0},{"ddd":0,"ind":4,"ty":4,"nm":"Cube bg","sr":1,"ks":{"o":{"a":1,"k":[{"i":{"x":[0.833],"y":[0.833]},"o":{"x":[0.167],"y":[0.167]},"t":38,"s":[0]},{"t":42.0000017106951,"s":[100]}],"ix":11},"r":{"a":0,"k":0,"ix":10},"p":{"a":0,"k":[961,497,0],"ix":2},"a":{"a":0,"k":[106.5,105,0],"ix":1},"s":{"a":1,"k":[{"i":{"x":[0.833,0.833,0.833],"y":[0.833,0.833,0.833]},"o":{"x":[0.167,0.167,0.167],"y":[0.167,0.167,0.167]},"t":42,"s":[100,100,100]},{"t":55.0000022401959,"s":[1025,1025,100]}],"ix":6}},"ao":0,"shapes":[{"ty":"gr","it":[{"ind":0,"ty":"sh","ix":1,"ks":{"a":0,"k":{"i":[[0,0],[-0.623,0],[0,0],[0,-0.627],[0,0],[0.623,0],[0,0],[0,0.627]],"o":[[0,-0.627],[0,0],[0.623,0],[0,0],[0,0.627],[0,0],[-0.623,0],[0,0]],"v":[[-105.5,-105.028],[-104.372,-106.163],[104.372,-106.163],[105.5,-105.028],[105.5,105.028],[104.372,106.163],[-104.372,106.163],[-105.5,105.028]],"c":true},"ix":2},"nm":"Контур 1","mn":"ADBE Vector Shape - Group","hd":false},{"ty":"fl","c":{"a":0,"k":[0.06274510175,0.098039217293,0.321568638086,1],"ix":4},"o":{"a":0,"k":100,"ix":5},"r":1,"bm":0,"nm":"Заливка 1","mn":"ADBE Vector Graphic - Fill","hd":false},{"ty":"tr","p":{"a":0,"k":[105.5,106.163],"ix":2},"a":{"a":0,"k":[0,0],"ix":1},"s":{"a":0,"k":[100,100],"ix":3},"r":{"a":0,"k":0,"ix":6},"o":{"a":0,"k":100,"ix":7},"sk":{"a":0,"k":0,"ix":4},"sa":{"a":0,"k":0,"ix":5},"nm":"Преобразовать"}],"nm":"Группа 24","np":2,"cix":2,"bm":0,"ix":1,"mn":"ADBE Vector Group","hd":false}],"ip":0,"op":900.000036657751,"st":0,"bm":0}],"markers":[]}